Dataset,N_molecules,LogD_mean,LogD_std,MPPB_mean,MPPB_std
OpenADMET,1116,2.1423835125448027,1.03316539156556,15.4671146953405,16.460797922928247
PharmaBench,156,2.5449230769230766,1.253754750615058,21.582323717948718,28.75368422833142
Combined,1272,2.191751572327044,1.070308723118117,16.21709316037736,18.50821858790222
